{
  "train_losses": [
    2.3053747788071632,
    1.997732263058424,
    1.289306927472353,
    0.3398745688609779,
    0.049495921412017196,
    0.01783518318552524,
    0.010539801500272006,
    0.007404120231512934,
    0.005627208985970356,
    0.004452947403478902,
    0.0036317655903985724,
    0.0029932240649941377,
    0.0025350490541313775,
    0.0021830283185408916,
    0.0018931563790829387,
    0.001660280042415252,
    0.0014795107854297385,
    0.0013124909019097686,
    0.001186228222650243,
    0.0010676563979359344,
    0.000971892726738588,
    0.0008798911894700723,
    0.0008097950048977509,
    0.0007473594760085689,
    0.0006880903292767471,
    0.0006346560512611177,
    0.000590219916375645,
    0.0005489149034474394,
    0.0005131991965754423,
    0.0004800602755494765
  ],
  "test_losses": [
    2.3098092079162598,
    2.3399219512939453,
    2.6563849449157715,
    3.268277168273926,
    3.6864655017852783,
    3.85606050491333,
    3.986328363418579,
    4.073327541351318,
    4.156587600708008,
    4.2312822341918945,
    4.2956342697143555,
    4.353371620178223,
    4.408648490905762,
    4.457487106323242,
    4.50145149230957,
    4.546458721160889,
    4.587002277374268,
    4.625420093536377,
    4.661439418792725,
    4.697582244873047,
    4.728799343109131,
    4.761191368103027,
    4.791319370269775,
    4.820372104644775,
    4.849111557006836,
    4.876762866973877,
    4.902158260345459,
    4.928255081176758,
    4.952126979827881,
    4.976105690002441
  ],
  "test_accuracies": [
    0.11500000208616257,
    0.07500000298023224,
    0.10000000149011612,
    0.11500000208616257,
    0.11500000208616257,
    0.11999999731779099,
    0.11999999731779099,
    0.11999999731779099,
    0.125,
    0.125,
    0.11999999731779099,
    0.11999999731779099,
    0.11999999731779099,
    0.11999999731779099,
    0.11999999731779099,
    0.11999999731779099,
    0.125,
    0.125,
    0.125,
    0.125,
    0.125,
    0.125,
    0.11999999731779099,
    0.11999999731779099,
    0.11999999731779099,
    0.11999999731779099,
    0.11500000208616257,
    0.11500000208616257,
    0.11500000208616257,
    0.11500000208616257
  ],
  "training_time": 2.410041332244873
}