{
  "time_minutes": [
    0.0,
    0.5,
    1.0,
    1.5,
    2.0,
    2.5,
    3.0,
    3.5,
    4.0,
    4.5,
    5.0,
    5.5,
    6.0,
    6.5,
    7.0,
    7.5,
    8.0,
    8.5,
    9.0,
    9.5,
    10.0
  ],
  "master_cpu": [
    3.2822689422195808,
    125.33289586925059,
    373.270470726297,
    371.3955482757761,
    368.9416749037444,
    372.70591597834783,
    367.0431934402487,
    370.6805542407022,
    365.24697890195955,
    365.3221597380489,
    410.5984048816951,
    392.33028837443186,
    363.78900136751946,
    366.8903837290116,
    369.51547128114896,
    367.60559125930786,
    367.62303795677144,
    362.4801881839135,
    360.1934891168162,
    367.3539186859746,
    362.3719164418281
  ],
  "fission_cpu": [
    3.2351180576023744,
    92.05709284796023,
    191.1980435158638,
    369.056673851737,
    541.7247043111578,
    544.7362108016706,
    537.306535407814,
    537.3897934954683,
    533.7263158607061,
    544.3576764787983,
    517.0668020924895,
    543.8243182131187,
    524.7261189170673,
    525.1362067251704,
    522.9866150724537,
    522.5517036473342,
    535.0417101191146,
    523.3833441882504,
    527.9986717934712,
    527.1522824931978,
    523.4985781369876
  ],
  "worker1_cpu": [
    4.077799011432965,
    26.952046457077454,
    58.14299616551814,
    60.74055656512042,
    62.23957798489768,
    58.046138126792954,
    59.19935568914789,
    57.13480478133836,
    58.709902661182994,
    60.62511249961383,
    57.693530782258556,
    60.69330044928526,
    62.3174787029787,
    59.6570830326531,
    58.49257562598238,
    62.18720043021081,
    60.615913630833404,
    60.02296775714071,
    57.34783350231764,
    61.94014665413987,
    59.74716621293952
  ],
  "worker2_cpu": [
    0,
    132.0939842057016,
    252.04570886976987,
    310.7073683585698,
    372.39255887026,
    367.4127856288185,
    373.32623250515724,
    366.24767146318715,
    372.73955039617135,
    373.95564837554707,
    0,
    273.02813633744194,
    343.7758455755627,
    364.473589465151,
    362.4454861643217,
    366.76350680940493,
    369.49002691315644,
    366.18807306251017,
    362.5202949321404,
    361.52621836026924,
    364.90308462829
  ],
  "worker3_cpu": [
    0,
    28.83325904761303,
    59.4377846693642,
    59.83699041532622,
    58.59797679326255,
    59.3265777215197,
    58.51265601222675,
    57.27177904510817,
    62.65998969931101,
    59.38683601881124,
    59.715018198942005,
    62.422145293419696,
    59.035193999199095,
    57.065117224216905,
    62.558629339032166,
    57.85183542651119,
    60.426478222835854,
    61.90085737555534,
    59.97582058455347,
    57.935274118781884,
    57.46563195473024
  ],
  "failure_time": 5
}